Accuracy,Precision (Weighted),Precision (Macro),Recall (Weighted),Recall (Macro),F1 (Weighted),F1 (Macro)
0.5279014036288943,0.5232994967212834,0.5580215493933979,0.5279014036288943,0.546950456950457,0.5191700979632676,0.5429046039749448
