Accuracy,Precision (Weighted),Precision (Macro),Recall (Weighted),Recall (Macro),F1 (Weighted),F1 (Macro)
0.5368024649092776,0.5287026669704691,0.5471775856166345,0.5368024649092776,0.5505146705146705,0.5236185811256714,0.536858572124369
