Accuracy,Precision (Weighted),Precision (Macro),Recall (Weighted),Recall (Macro),F1 (Weighted),F1 (Macro)
0.5265320095857583,0.5116014797251747,0.5134657088507102,0.5265320095857583,0.5311014911014912,0.5106742362823026,0.5070686493122533
