Accuracy,Precision (Weighted),Precision (Macro),Recall (Weighted),Recall (Macro),F1 (Weighted),F1 (Macro)
0.4827114002054091,0.4736094726710883,0.4902089758495108,0.4827114002054091,0.4786387686387686,0.4717842824308602,0.47465765505412416
