Accuracy,Precision (Weighted),Precision (Macro),Recall (Weighted),Recall (Macro),F1 (Weighted),F1 (Macro)
0.5166039027730229,0.49703054351766973,0.49673281693769056,0.5166039027730229,0.5192303992303992,0.49827835309784857,0.4926690909757619
