Accuracy,Precision (Weighted),Precision (Macro),Recall (Weighted),Recall (Macro),F1 (Weighted),F1 (Macro)
0.4008901061280383,0.39683872276454685,0.3880823381714713,0.4008901061280383,0.3711014911014911,0.393126382720345,0.37235889850405474
