Accuracy,Precision (Weighted),Precision (Macro),Recall (Weighted),Recall (Macro),F1 (Weighted),F1 (Macro)
0.41800753166723725,0.41255274697117955,0.39313317612429427,0.41800753166723725,0.3994901394901395,0.41338198454943015,0.39416178429297427
