Accuracy,Precision (Weighted),Precision (Macro),Recall (Weighted),Recall (Macro),F1 (Weighted),F1 (Macro)
0.5244779185210544,0.5178218181535811,0.5353851464411453,0.5244779185210544,0.5255218855218855,0.5096390376638108,0.5155712388665735
