Accuracy,Precision (Weighted),Precision (Macro),Recall (Weighted),Recall (Macro),F1 (Weighted),F1 (Macro)
0.41116056145155766,0.39781351087925765,0.377108991017123,0.41116056145155766,0.3931697931697931,0.4006683200883946,0.37943263705156444
