Accuracy,Precision (Weighted),Precision (Macro),Recall (Weighted),Recall (Macro),F1 (Weighted),F1 (Macro)
0.5042793563847997,0.4949788818018953,0.5063227461402124,0.5042793563847997,0.5230928330928332,0.4913171492830197,0.5004127848640622
