Accuracy,Precision (Weighted),Precision (Macro),Recall (Weighted),Recall (Macro),F1 (Weighted),F1 (Macro)
0.48065730914070526,0.4694191554797995,0.49467823003454164,0.48065730914070526,0.4747282347282347,0.46906562847175454,0.475944342438475
